---SQL syntax for insert data. Min 50 pe tabel

INSERT INTO formular
(nume_expeditor, telefon_expeditor, oras_expeditor, oras_destinatar, telefon_destinatar, data_expediere, greutate)
VALUES
('Ion Popescu', '0777344888', 'Cugir', 'Timisoara', '0721546857', '2024-01-01', 5),
('Maria Ionescu', '0256888999', 'Bucuresti', 'Timisoara', '0713627948', '2024-01-02', 10),
('Alexandru Marin', '0723232322', 'Abrud', 'Timisoara', '0731596478', '2024-01-03', 3),
('Andreea Vasile', '0256111211', 'Darabani', 'Timisoara', '0743016784', '2024-01-04', 7),
('Bogdan Dumitru', '0721587444', 'Moravita', 'Timisoara', '0754617249', '2024-01-05', 2),
('Cristina Neagu', '0768789857', 'Ploiesti', 'Timisoara', '0713777887', '2024-01-06', 11),
('Dan Stoica', '0779656520', 'Craiova', 'Timisoara', '0765430000', '2024-01-07', 4),
('Elena Lupu', '0720000124', 'Suceava', 'Timisoara', '0771000123', '2024-01-08', 6),
('Florin Iordache', '0724564875', 'Focsani', 'Timisoara', '078245812', '2024-01-09', 8),
('Gabriela Dragomir', '0712131456', 'Braila', 'Timisoara', '0799457986', '2024-01-10', 9);

INSERT INTO colet
(formular_id, awb, ramburs, pret_transport, pret_total, plata)
VALUES
(1, 100001, 0.00, 30.00, 230.00, 'card'),
(3, 100003, 0.00, 20.00, 20.00, 'numerar'),
(4, 100004, 300.00, 35.00, 335.00, 'numerar'),
(5, 100005, 0.00, 15.00, 15.00, 'card'),
(6, 100006, 100.00, 20.00, 120.00, 'numerar'),
(7, 100007, 250.00, 30.00, 280.00, 'numerar'),
(8, 100008, 0.00, 25.00, 25.00, 'card'),
(9, 100009, 200.00, 22.00, 222.00, 'numerar'),
(10, 100010, 150.00, 28.00, 178.00, 'numerar'),
(11, 100011, 0.00, 18.00, 18.00, 'card'),
(12, 100012, 120.00, 20.00, 140.00, 'online'),
(13, 100013, 180.00, 30.00, 210.00, 'numerar'),
(14, 100014, 0.00, 16.00, 16.00, 'card'),
(15, 100015, 220.00, 24.00, 244.00, 'online'),
(16, 100016, 130.00, 21.00, 151.00, 'numerar'),
(17, 100017, 0.00, 19.00, 19.00, 'card'),
(18, 100018, 140.00, 22.00, 162.00, 'online'),
(19, 100019, 210.00, 27.00, 237.00, 'numerar'),
(20, 100020, 0.00, 17.00, 17.00, 'card'),
(21, 100021, 160.00, 23.00, 183.00, 'online'),
(22, 100022, 110.00, 20.00, 130.00, 'numerar'),
(23, 100023, 0.00, 15.00, 15.00, 'card'),
(24, 100024, 190.00, 26.00, 216.00, 'online'),
(25, 100025, 170.00, 29.00, 199.00, 'numerar'),
(26, 100026, 200.50, 31.00, 231.50, 'numerar'),
(27, 100027, 150.75, 26.00, 176.75, 'card'),
(28, 100028, 0.00, 21.00, 21.00, 'online'),
(29, 100029, 300.25, 36.00, 336.25, 'numerar'),
(30, 100030, 0.00, 16.00, 16.00, 'card'),
(31, 100031, 105.00, 22.00, 127.00, 'online'),
(32, 100032, 250.50, 33.00, 283.50, 'numerar'),
(33, 100033, 0.00, 27.00, 27.00, 'card'),
(34, 100034, 215.00, 23.00, 238.00, 'online'),
(35, 100035, 145.00, 29.00, 174.00, 'numerar'),
(36, 100036, 0.00, 19.00, 19.00, 'card'),
(37, 100037, 125.00, 24.00, 149.00, 'online'),
(38, 100038, 185.00, 32.00, 217.00, 'numerar'),
(39, 100039, 0.00, 17.00, 17.00, 'card'),
(40, 100040, 225.00, 25.00, 250.00, 'online'),
(41, 100041, 135.00, 22.00, 157.00, 'numerar'),
(42, 100042, 0.00, 20.00, 20.00, 'card'),
(43, 100043, 155.00, 26.00, 181.00, 'online'),
(44, 100044, 210.00, 28.00, 238.00, 'numerar'),
(45, 100045, 0.00, 18.00, 18.00, 'card'),
(46, 100046, 165.00, 24.00, 189.00, 'online'),
(47, 100047, 120.00, 21.00, 141.00, 'card'),
(48, 100048, 0.00, 15.00, 15.00, 'card'),
(49, 100049, 195.00, 27.00, 222.00, 'online'),
(50, 100050, 175.00, 30.00, 205.00, 'numerar'),
(51, 100002, 150.00, 25.00, 175.00, 'card');

INSERT INTO curier
(colet_id, nume, experienta_luni, salariu)
VALUES
(1, 'Florentiu Ion', 12, 3000),
(2, 'Maria Ionescu', 24, 3200),
(3, 'Marin Alexandru', 6, 2800),
(4, 'Vasile Andreea', 36, 3400),
(5, 'Dumitru Bogdan', 18, 3100),
(6, 'Neagu Cristina', 48, 3500),
(7, 'Stoica Dan', 60, 3700),
(8, 'Lupu Elena', 72, 4000),
(9, 'Iordache Florin', 30, 3300),
(10, 'Dragomir Gabriela', 54, 3600),
(11, 'Teodorescu Horia', 15, 3050),
(12, 'Mihai Iulia', 20, 3150),
(13, 'Bratu Lucian', 45, 3450),
(14, 'Mihnea Radu', 3, 2750),
(15, 'Comaneci Narcis', 66, 3900),
(16, 'Bellu Octavian', 9, 2850),
(17, 'Ivan Paula', 27, 3250),
(18, 'Dima Radu', 33, 3350),
(19, 'Albu Stefan', 39, 3400),
(20, 'Vladimirescu Tudor', 51, 3550),
(21, 'Stejar Vlad', 63, 3850),
(22, 'Hasan Yvonne', 21, 3200),
(23, 'Stancu Zaharia', 12, 3000),
(24, 'Nutu Ionica', 18, 3100),
(25, 'Tutea Petre', 24, 3150),
(26, 'Grigorescu Ioan', 25, 3200),
(27, 'Alecsandri Vasile', 14, 3050),
(28, 'Mara Popa', 37, 3350),
(29, 'Ionescu Cosmin', 8, 2900),
(30, 'Păun Alin', 47, 3450),
(31, 'Enache Daniel', 52, 3550),
(32, 'Vlăduț Bogdan', 19, 3100),
(33, 'Stoicanu Elena', 28, 3250),
(34, 'Mircea Florin', 40, 3400),
(35, 'Luca George', 55, 3600),
(36, 'Tecău Horia', 11, 3000),
(37, 'Cosânzeana Ileana', 22, 3150),
(38, 'Manea Julian', 33, 3300),
(39, 'Moraru Kevin', 44, 3450),
(40, 'Olariu Larisa', 15, 3075),
(41, 'Emilianu Mihai', 26, 3200),
(42, 'Iorga Nica', 39, 3375),
(43, 'Niculescu Horia', 48, 3500),
(44, 'Seling Paula', 9, 2950),
(45, 'Beligan Rada', 30, 3300),
(46, 'Sorinescu Adrian', 41, 3425),
(47, 'Tanasoiu Stefan', 56, 3650),
(48, 'Sorana Sorin', 23, 3175),
(49, 'Viorescu Sorin', 19, 50000),
(50, 'Enache Voicu', 5, 32500);

INSERT INTO colet_preluat
(curier_id, oras_destinatar, strada, status)
VALUES
(51, 'Timisoara', 'Bulevardul Cetatii', 'in tranzit'),
(52, 'Timisoara', 'Splaiul Nistrului', 'ajuns la depozit'),
(53, 'Timisoara', 'Bd. 3 August', 'preluat de curier'),
(54, 'Timisoara', 'Fratelia', 'in asteptare la depozit'),
(55, 'Timisoara', 'Strada Dunarea', 'pregatit pentru livrare'),
(56, 'Timisoara', 'Strada Nera', 'ajuns la depozit'),
(57, 'Timisoara', 'Strada Labirint', 'in tranzit'),
(58, 'Timisoara', 'Strada Amforei', 'in asteptare la depozit'),
(59, 'Timisoara', 'Strada Gheorghe Cucu', 'preluat de curier'),
(60, 'Timisoara', 'Strada Paris', 'in asteptare la depozit'),
(61, 'Timisoara', 'Strada Michelangelo', 'pregatit pentru livrare'),
(62, 'Timisoara', 'Strada Mihai Viteazu', 'preluat de curier'),
(63, 'Timisoara', 'Strada Liege', 'preluat de curier'),
(64, 'Timisoara', 'Strada Strada Gherghe Iosif Nemoianu', 'ajuns la depozit'),
(65, 'Timisoara', 'Strada Banul Severinului', 'in tranzit'),
(66, 'Timisoara', 'Strada Magura', 'pregatit pentru livrare'),
(67, 'Timisoara', 'Strada Martir Ioan Buteanu', 'in asteptare la depozit'),
(68, 'Timisoara', 'Strada George Stephenson', 'ajuns la depozit'),
(69, 'Timisoara', 'Strada Aristide Demetriade', 'preluat de curier'),
(70, 'Timisoara', 'Strada Bucovinei', 'in tranzit'),
(71, 'Timisoara', 'Calea Sever Bocu', 'preluat de curier'),
(72, 'Timisoara', 'Strada Constructorilor', 'in asteptare la depozit'),
(73, 'Timisoara', 'Strada Proclamatia de la Timisoara', 'preluat de curier'),
(74, 'Timisoara', 'Strada Constantin Stere', 'ajuns la depozit'),
(75, 'Timisoara', 'Strada Ciprian Porumbescu', 'pregatit pentru livrare'),
(76, 'Timisoara', 'Bulevardul Eroilor de la Tisa', 'preluat de curier'),
(77, 'Timisoara', 'Strada Alexandru Odobescu', 'in tranzit'),
(78, 'Timisoara', 'Strada Divizia 9 Cavalerie', 'preluat de curier'),
(79, 'Timisoara', 'Strada Daliei', 'in asteptare la depozit'),
(80, 'Timisoara', 'Strada Mures', 'ajuns la depozit'),
(81, 'Timisoara', 'Strada Gavril Musicescu', 'in asteptare la depozit'),
(82, 'Timisoara', 'Emil Zola', 'pregatit pentru livrare'),
(83, 'Timisoara', 'Strada Victor Hugo', 'ajuns la depozit'),
(84, 'Timisoara', 'Strada Barsei', 'in tranzit'),
(85, 'Timisoara', 'Bulevardul Victor Babes', 'preluat de curier'),
(86, 'Timisoara', 'Strada Maresal Constantin Prezan', 'in asteptare la depozit'),
(87, 'Timisoara', 'Strada Ulpia Traiana', 'ajuns la depozit'),
(88, 'Timisoara', 'Strada Diminetii', 'in tranzit'),
(89, 'Timisoara', 'Strada Popa Sapca', 'ajuns la depozit'),
(90, 'Timisoara', 'Bulevardul Dambovita', 'in tranzit'),
(91, 'Timisoara', 'Strada Ceferistilor', 'preluat de curier'),
(92, 'Timisoara', 'Strada Cerna', 'in asteptare la depozit'),
(93, 'Timisoara', 'Strada Martir Leontina Binciu', 'pregatit pentru livrare'),
(94, 'Timisoara', 'Strada Andrei Saguna', 'ajuns la depozit'),
(95, 'Timisoara', 'Strada Tosca', 'ajuns la depozit'),
(96, 'Timisoara', 'Strada Pomiculturii', 'in tranzit'),
(97, 'Timisoara', 'Strada Bujorilor', 'preluat de curier'),
(98, 'Timisoara', 'Calea Ghirodei', 'in asteptare la depozit'),
(99, 'Timisoara', 'Strada Socrate', 'pregatit pentru livrare'),
(100, 'Timisoara', 'Strada Victor Gaga', 'ajuns la depozit');

INSERT INTO colet_livrat
(colet_preluat_id, data_preluare, data_livrare, ramburs, status)
VALUES
(51, '2023-10-01', '2023-10-03', 100.00, 'Livrare reusita'),
(52, '2023-10-02', '2023-10-04', 150.00, 'Livrare reusita'),
(53, '2023-10-03', '2023-10-05', 0.00, 'Livrare reusita'),
(54, '2023-10-04', '2023-10-06', 200.00, 'Livrare reusita'),
(55, '2023-10-05', '2023-10-07', 0.00, 'Livrare reusita'),
(56, '2023-10-06', '2023-10-08', 250.00, 'Livrare reusita'),
(57, '2023-10-07', '2023-10-09', 0.00, 'Livrare reusita'),
(58, '2023-10-08', '2023-10-10', 300.00, 'Livrare reusita'),
(59, '2023-10-09', '2023-10-11', 0.00, 'Livrare reusita'),
(60, '2023-10-10', '2023-10-12', 350.00, 'Livrare reusita'),
(61, '2023-10-11', '2023-10-13', 100.00, 'Livrare reusita'),
(62, '2023-10-12', '2023-10-14', 150.00, 'Livrare reusita'),
(63, '2023-10-13', '2023-10-15', 200.00, 'Livrare reusita'),
(64, '2023-10-14', '2023-10-16', 250.00, 'Livrare reusita'),
(65, '2023-10-15', '2023-10-17', 300.00, 'Livrare reusita'),
(66, '2023-10-16', '2023-10-18', 0.00, 'Livrare reusita'),
(67, '2023-10-17', '2023-10-19', 100.00, 'Livrare reusita'),
(68, '2023-10-18', '2023-10-20', 150.00, 'Livrare reusita'),
(69, '2023-10-19', '2023-10-21', 200.00, 'Livrare reusita'),
(70, '2023-10-20', '2023-10-22', 250.00, 'Livrare reusita'),
(71, '2023-10-21', '2023-10-23', 300.00, 'Livrare reusita'),
(72, '2023-10-22', '2023-10-24', 0.00, 'livrare nereusita'),
(73, '2023-10-23', '2023-10-25', 100.00, 'Livrare reusita'),
(74, '2023-10-24', '2023-10-26', 150.00, 'Livrare reusita'),
(75, '2023-10-25', '2023-10-27', 200.00, 'livrare reusita'),
(76, '2023-10-26', '2023-10-28', 250.00, 'Livrare reusita'),
(77, '2023-10-27', '2023-10-29', 300.00, 'Livrare reusita'),
(78, '2023-10-28', '2023-10-30', 0.00, 'Livrare reusita'),
(79, '2023-10-29', '2023-10-31', 100.00, 'Livrare reusita'),
(80, '2023-10-30', '2023-11-01', 150.00, 'Livrare reusita'),
(81, '2023-11-01', '2023-11-03', 200.00, 'Livrare reusita'),
(82, '2023-11-02', '2023-11-04', 250.00, 'Livrare reusita'),
(83, '2023-11-03', '2023-11-05', 300.00, 'Livrare reusita'),
(84, '2023-11-04', '2023-11-06', 0.00, 'livrare nereusita'),
(85, '2023-11-05', '2023-11-07', 100.00, 'livrare reusita'),
(86, '2023-11-06', '2023-11-08', 150.00, 'livrare reusita'),
(87, '2023-11-07', '2023-11-09', 200.00, 'livrare reusita'),
(88, '2023-11-08', '2023-11-10', 250.00, 'livrare reusita'),
(89, '2023-11-09', '2023-11-11', 300.00, 'livrare reusita'),
(90, '2023-11-10', '2023-11-12', 0.00, 'livrare reusita'),
(91, '2023-11-11', '2023-11-13', 100.00, 'livrare reusita'),
(92, '2023-11-12', '2023-11-14', 150.00, 'livrare reusita'),
(93, '2023-11-13', '2023-11-15', 200.00, 'livrare reusita'),
(94, '2023-11-14', '2023-11-16', 250.00, 'livrare reusita'),
(95, '2023-11-15', '2023-11-17', 300.00, 'livrare reusita'),
(96, '2023-11-16', '2023-11-18', 0.00, 'livrare reusita'),
(97, '2023-11-17', '2023-11-19', 100.00, 'Livrare reusita'),
(98, '2023-11-18', '2023-11-20', 150.00, 'Livrare reusita'),
(99, '2023-11-19', '2023-11-21', 200.00, 'Livrare reusita'),
(100, '2023-11-20', '2023-11-22', 250.00, 'Livrare reusita');

INSERT INTO rute 
(curier_id, nume_ruta, nr_km, oras) 
VALUES 
(51, 'Bogdanestilor - Bulevardul Cetatii', 15.5, 'Timisoara'),
(52, 'Splaiul Nistrului - Take Ionescu', 20, 'Timisoara'),
(53, 'Bd. 3 August - Bd. Stefan cel Mare', 12.75, 'Timisoara'),
(54, 'Calea Chisodei - Fratelia', 18.2, 'Timisoara'),
(55, 'Strada Bogdan Petrica Hasdeu - Strada Dunarea', 9.3, 'Timisoara'),
(56, 'Bd. Republicii - Strada Nera', 21, 'Timisoara'),
(57, 'Strada Labirint - Strada Ulmului', 16, 'Timisoara'),
(58, 'Strada Amforei - Strada Timis', 5.0, 'Timisoara'),
(59, 'Strada Johann Sebastian Bach - Strada Gheorghe Cucu', 13.45, 'Timisoara'),
(60, 'Strada Paris - Strada Carol Telbisz', 17, 'Timisoara'),
(61, 'Bulevardul Revolutiei - Strada Michelangelo', 10, 'Timisoara'),
(62, 'Strada Mihai Viteazu - Strada Gheorghe Doja', 3.1, 'Timisoara'),
(63, 'Calea Aradului - Strada Liege', 4.0, 'Timisoara'),
(64, 'Strada Gheorghe Lazar - Strada Gherghe Iosif Nemoianu ', 18, 'Timisoara'),
(65,'Strada Constantin A. Rosetti - Strada Banul Severinului', 2.7, 'Timisoara'),
(66, 'Strada Martirilor - Strada Magura', 3.5, 'Timisoara'),
(67, 'Bulevardul Take Ionescu - Strada Martir Ioan Buteanu', 4.2, 'Timisoara'),
(68, 'Strada Moise Dobosan - Strada George Stephenson', 19, 'Timisoara'),
(69, 'Strada Oituz - Strada Aristide Demetriade', 2.3, 'Timisoara'),
(70, 'Bulevardul Cetatii - Strada Bucovinei', 3.7, 'Timisoara'),
(71, 'Calea Sever Bocu - Strada Aristide Demetriade', 7, 'Timisoara'),
(72, 'Strada Sfintii Apostoli Petru si Pavel - Strada Constructorilor', 3.8, 'Timisoara'),
(73, 'Strada Proclamatia de la Timisoara - Strada Academician Alexandru Borza', 15, 'Timisoara'),
(74, 'Calea Torontalului - Strada Constantin Stere', 8, 'Timisoara'),
(75, 'Strada Constantin Brancoveanu - Strada Ciprian Porumbescu', 3.9, 'Timisoara'),
(76, 'Strada Aries - Bulevardul Eroilor de la Tisa', 17, 'Timisoara'),
(77, 'Bulevardul 16 Decembrie 1989 - Strada Alexandru Odobescu', 5, 'Timisoara'),
(78, 'Calea Lipovei - Strada Divizia 9 Cavalerie', 22, 'Timisoara'),
(79, 'Strada Daliei - Strada Profesor Doctor Aurel Paunescu Podeanu', 33, 'Timisoara'),
(80, 'Strada Alunis - Strada Mures', 4.1, 'Timisoara'),
(81, 'Strada Musicescu Gavril - Strada Progresul', 28, 'Timisoara'),
(82, 'Strada Diminetii - Strada Emil Zola', 10, 'Timisoara'),
(83, 'Strada Herculane - Strada Victor Hugo ', 3.3, 'Timisoara'),
(84, 'Strada Izlaz - Strada Barsei', 16, 'Timisoara'),
(85, 'Bulevardul Vasile Parvan - Bulevardul Victor Babes', 2.9, 'Timisoara'),
(86, 'Calea Martirilor 1989 - Strada Maresal Constantin Prezan', 3.4, 'Timisoara'),
(87, 'Strada Drubeta - Strada Ulpia Traiana', 12, 'Timisoara'),
(88, 'Calea Girocului - Strada Diminetii', 4.3, 'Timisoara'),
(89, 'Strada Popa Sapca - Strada Vasile Lucaciu', 2.4, 'Timisoara'),
(90, 'Bulevardul Dambovita - Strada Budai Deleanu', 3.6, 'Timisoara'),
(91, 'Strada Arhitect Victor Vlad - Strada Ceferistilor', 2.0, 'Timisoara'),
(92, 'Strada Gloriei - Strada Cerna', 3.0, 'Timisoara'),
(93, 'Bulevardul Ion C. Bratianu - Strada Martir Leontina Binciu', 4.4, 'Timisoara'),
(94,'Strada Andrei Saguna - Strada Doctor Ioan Bontila', 14, 'Timisoara'),
(95, 'Calea Urseni - Strada Tosca', 2.5, 'Timisoara'),
(96, 'Strada Pomiculturii - Strada Constantin cel Mare', 3.1, 'Timisoara'),
(97, 'Strada Bujorilor - Strada Arhitect Duiliu Marcu', 1.3, 'Timisoara'),
(98, 'Calea Dorobantilor - Calea Ghirodei- ', 2.6, 'Timisoara'),
(99, 'Strada Pestalozzi - Strada Socrate', 3.2, 'Timisoara'),
(100, 'Bulevardul Sudului - Strada Victor Gaga', 1.8, 'Timisoara');

INSERT INTO masina 
(curier_id, marca, model, an_fabricatie, culoare, nr_inmatriculare) 
VALUES
(51, 'Dacia', 'Logan', 2020, 'Albastru', 'TM02RAI'),
(52, 'Volkswagen', 'Golf', 2018, 'Negru', 'TM04RKL'),
(53, 'Ford', 'Focus', 2019, 'Rosu', 'B021RAI'),
(54, 'Renault', 'Clio', 2017, 'Gri', 'CT02RAI'),
(55, 'Peugeot', '208', 2016, 'Alb', 'BH02RAI'),
(56, 'Opel', 'Astra', 2018, 'Verde', 'TM07RAV'),
(57, 'Ford', 'Fiesta', 2018, 'Albastru', 'CS98RAI'),
(58, 'Toyota', 'Corolla', 2019, 'Negru', 'HD08RAI'),
(59, 'Honda', 'Civic', 2017, 'Gri', 'TM17BAI'),
(60, 'Nissan', 'Qashqai', 2020, 'Rosu', 'TM24RAI'),
(61, 'Volkswagen', 'Golf', 2016, 'Alb', 'TM68VAQ'),
(62, 'Kia', 'Sportage', 2021, 'Negru', 'TM31ZQR'),
(63, 'Fiat', '500', 2015, 'Galben', 'TM78HBT'),
(64, 'Mazda', 'CX-5', 2022, 'Verde', 'B002RAY'),
(65, 'Hyundai', 'Tucson', 2018, 'Albastru', 'B349RAI'),
(66, 'Peugeot', '308', 2017, 'Gri', 'TM64BRR'),
(67, 'Renault', 'Clio', 2019, 'Portocaliu', 'TM02QRT'),
(68, 'Chevrolet', 'Cruze', 2014, 'Mov', 'TM38MEM'),
(69, 'Audi', 'A3', 2020, 'Argintiu', 'TM06DEA'),
(70, 'Porsche', 'Cayenne', 2023, 'Rosu', 'TM09DXX'),
(71, 'Toyota', 'Corolla', 2019, 'Albastru', 'B907SEC'),
(72, 'Ford', 'Focus', 2020, 'Negru', 'TM55DMX'),
(73, 'Skoda', 'Octavia', 2018, 'Argintiu', 'TM01LOP'),
(74, 'Dacia', 'Stepway', 2021, 'Alb', 'TM68SSQ'),
(75, 'Mercedes-Benz', 'CClass', 2017, 'Gri', 'TM99ARA'),
(76, 'Audi', 'A4', 2020, 'Rosu', 'CS02BOI'),
(77, 'Honda', 'Civic', 2019, 'Verde', 'HD08COS'),
(78, 'Nissan', 'Micra', 2016, 'Galben', 'CS55UPS'),
(79, 'Volkswagen', 'Passat', 2022, 'Portocaliu', 'TM70CUI'),
(80, 'Hyundai', 'i30', 2015, 'Mov', 'TM47MAC'),
(81, 'Renault', 'Clio', 2020, 'Albastru', 'TM76OPA'),
(82, 'Kia', 'Sportage', 2019, 'Negru', 'B941BOS'),
(83, 'Mazda', 'CX-5', 2021, 'Rosu', 'TM15DEC'),
(84, 'Peugeot', '208', 2018, 'Alb', 'TM16IAN'),
(85, 'Citroen', 'C3', 2020, 'Gri', 'TM96PRR'),
(86, 'Fiat', '500', 2017, 'Verde', 'TM77YYY'),
(87, 'Opel', 'Astra', 2019, 'Galben', 'TM54OLA'),
(88, 'Suzuki', 'Swift', 2022, 'Portocaliu', 'TM08GYZ'),
(89, 'Dacia', 'Logan', 2016, 'Mov', 'B307MRS'),
(90, 'Seat', 'Leon', 2015, 'Argintiu', 'TM96LLC'),
(91, 'Ford', 'Focus', 2021, 'Alb', 'TM07NRC'),
(92, 'Toyota', 'Corolla', 2022, 'Negru', 'TM14POC'),
(93, 'Hyundai', 'Tucson', 2020, 'Albastru', 'TM76OPC'),
(94, 'Nissan', 'Qashqai', 2022, 'Rosu', 'TM01DAA'),
(95, 'Volkswagen', 'Golf', 2021, 'Gri', 'HD32BLY'),
(96, 'Mercedes-Benz', 'AClass', 2023, 'Argintiu', 'TM44RBL'),
(97, 'Audi', 'A3', 2022, 'Albastru', 'CS95PAS'),
(98, 'BMW', 'Seria 3', 2020, 'Negru', 'TM74RBH'),
(99, 'Lexus', 'RX', 2022, 'Alb', 'TM96CAR'),
(100, 'Volvo', 'XC40', 2021, 'Gri', 'TM82RAC');

INSERT INTO evidenta_combustibil 
(masina_id, km_parcursi, combustibil) 
VALUES
(1, 150.5, 'benzina'),
(2, 200.0, 'diesel'),
(3, 120.75, 'benzina'),
(4, 180.2, 'diesel'),
(5, 95.3, 'benzina'),
(6, 210, 'diesel'),
(7, 160.5, 'benzina'),
(8, 50.0, 'diesel'),
(9, 135.45, 'benzina'),
(10, 175, 'diesel'),
(11, 190.0, 'benzina'),
(12, 85, 'diesel'),
(13, 142.7, 'benzina'),
(14, 168.3, 'diesel'),
(15, 223, 'benzina'),
(16, 110.2, 'diesel'),
(17, 130.75, 'benzina'),
(18, 145.6, 'diesel'),
(19, 155.8, 'benzina'),
(20, 101.5, 'diesel'),
(21, 212, 'benzina'),
(22, 198.6, 'diesel'),
(23, 176.3, 'benzina'),
(24, 89.7, 'diesel'),
(25, 134.2, 'benzina'),
(26, 162.4, 'diesel'),
(27, 187.5, 'benzina'),
(28, 134.8, 'diesel'),
(29, 146.2, 'benzina'),
(30, 173.9, 'diesel'),
(31, 88.7, 'benzina'),
(32, 159.3, 'diesel'),
(33, 210.5, 'benzina'),
(34, 122.0, 'diesel'),
(35, 138.4, 'benzina'),
(36, 165.7, 'diesel'),
(37, 190.2, 'benzina'),
(38, 107.6, 'diesel'),
(39, 145.1, 'benzina'),
(40, 178.8, 'diesel'),
(41, 93.2, 'benzina'),
(42, 154.7, 'diesel'),
(43, 201.9, 'benzina'),
(44, 130.4, 'diesel'),
(45, 142.6, 'benzina'),
(46, 168.5, 'diesel'),
(47, 192.3, 'benzina'),
(48, 112.4, 'diesel'),
(49, 147.9, 'benzina'),
(50, 183.6, 'diesel');

